{"cameraMode":{"drawMode":0,"name":"Shaded","section":"Shading Mode"},"sceneLighting":false,"audioPlay":false,"sceneViewState":{"showFog":true,"showMaterialUpdate":false,"showSkybox":false,"showFlares":true,"showImageEffects":true,"showParticleSystems":true},"in2DMode":false,"pivot":{"x":-0.7200000286102295,"y":1.0499999523162842,"z":0.0},"rotation":{"x":0.06586688756942749,"y":-0.051762670278549197,"z":0.0034155305474996568,"w":0.9965229034423828},"size":2.616925001144409,"orthographic":false}